Vacibe,wexu1bu1h
vâcib-ül-vücud,wexu1bu1 elwxu1wd
vâcib-ül-vücûd,wexu1bu1 elwxu1wd
Vacide,wexu1dh
Vacip,wexu1bu1
Vacit,wexu1d
Vafir,wefo1r
Vafit,wefo1d
Vafi,wefo1y
Vahap,wxbu1
Vaha,wexh
Vahdettin,wxd eldybo1
Vahdet,wxdbo2
Vahibe,wexbu1h
vâhib-ül-hayât,wehbu1 elxyebo2h
Vahide,wexdh
Vahid,wexd
Vahip,wehbu1
Vahittin,wexdeldybo1
Vahit,wexd
Vaiz,weato1
Vakfıkebir,wfo2fo1 kbu1bu2r
Vâkıf,wefo2fo1
Vakkas,wfo2ez
Vakur,wfo2wr
Vâlâşan,weleso3ebo1
Vâlâ,wele
Valide,weldh
Vamıka,wemyfo2h
Vamık,wemyfo2
van,webo1
Van,webo1
Varal,werel
Varaş,wereso3
Vardarlı,werderly
Vardar,werder
Vargın,werao1ybo1
Varınca,werbo1xu1h
Varlık,werlyfo2
Varlı,werly
Varol,werwl
Varto,wertw
Vasfi,wzfo1y
Vasfiye,wzfo1yh
Vasıf,wezfo1
Vasıf,wzyfo1
Vasıla,wezlh
Vasıl,wezl
Vassaf,wzefo1
Vataner,wtbo1 eo5r
Vatan,wtbo1
vav,wew
Vecahettin,wxu1eh eldybo1
Vecahet,wxu1ehbo2
Vecdet,wxu1dbo2
Vecdi,wxu1dy
Vechi,wxu1hy
Vechiye,wxu1hyh
Vecibe,wxu1ybu1h
Veciha,wxu1yhh
Vecihe,wxu1yhh
Vecihi,wxu1yhy
Vecih,wxu1yh
Vecit,wxu1yd
Vedat,wded
Veda,wdea
Vedia,wdyah
Vedide,wdydh
Vedit,wdyd
Vedi,wdy
vedud,wdwd
Vefai,wfo1ebo5y
Vefakâr,wfo1eker
Vefa,wfo1e
Vefia,wfo1yah
Vefika,wfo1yfo2h
Vefik,wfo1yfo2
Vefi,wfo1y
Vefki,wfo1fo2y
Vehbi,whbu1y
Vehbiye,whbu1yh
Vehhâbî,whebu1y
Vehip,whybu1
Vekil,wkyl
Velet,wld
Velibeşe,wly bu1so3h
Velican,wlyxu1ebo1
Velide,wlydh
vel'ikram,weleu5krem
Velit,wlyd
Veli,wly
Veliye,wlyh
Veliyüddin,wly eldybo1
Veliyullah,wly ellh
Venedik,wbo1dbu2k
Venüs,wbo1ws
Veral,wrel
Veral,wyreo6l
Verda,wrde
Verdinaz,wrdybo1ero1
Verdî,wrdy
Vergili,wrko7yly
Vergin,wrko7ybo1
Vergi,wrko7y
Verim,wrym
Verkaya,wyrfo2eye
Verşan,wrso3ebo1
Vesamet,wbo3embo2
Vesamet,wsembo2
Vesik,wbo3yfo2
Vesik,wsyk
Vesim,wbo3ym
Vesim,wsym
vesselâm,welslem
Veyis,wyys
Veysel,wysl
Veysi,wysy
Vezirköprü,wdo1bu2rkwbu3ry
Veziroğlu,wro1yr ewao1ly
Vicdani,wxu1debo1y
Vicdan,wxu1debo1
Vildan,wldebo1
Vîranşehir,wbu2rebo1||so3hr
Visali,wzely
Visam,wsem
Vize etmek,wbu2ro1h||ebu2bo2mk
volkan,wwlfo2ebo1
Volkan,wwlfo2ebo1
Vuralhan,wwel xo1ebo1
Vural,wwrel
Vurgun,wwrao1wbo1
Vursavuş,wwr zewwso3
Vuslat,wzlbo2
